0,3200582,3200670,12,89,GTGTTCATTTTTTCATCAACCTATCCCTATTTTTCCCTTTCGGTTTATTATTCTTGATATTAATTAGGTTAATGCCGATTATTTTCTAG,0,4,Gm0001x00295,1,GM163,+
1,3200788,3200901,218,114,GTCAGTACTAATCTTCCCAACACAGCGTAGTTTCAATTTCAACCACGATACTAATACAGTTTAATTATGTTAATAACTTAATGTCACGTGTTTTTGTCTTGGATTTTGGTGCAG,0,43,Gm0001x00295,1,GM163,+
2,3200961,3201098,391,138,GTATATGCAGTAATCTCTTCATAGCTGCAATTAGATAAGCTTAATTGTGATTTGTTGTTTTGTTTCAGTTTTTTTTTCTTACTATAATAAAATGTGGTTCGTTTTGTGTGATGATGGTGTTGGTTTTGTATCCTGTAG,2,62,Gm0001x00295,1,GM163,+
3,3201159,3201273,589,115,GTATATATCTATATATTTTAAATTTGTTAAACATTTCTTTTGTTGGAACCTTTCGTGGATGATTTTTTTGTTCTGTTAATTTTGTTTGCTGATTTCTTCTAATGCTGGTGTGCAG,2,82,Gm0001x00295,1,GM163,+
4,3201328,3201460,758,133,GTATTTTATGTGGATTTTTTGTTATTTTAGAGAGTTCTATTTTATTTTTTTGGAGTGAGGGTGTTATATTATTATAGAATTGTTACTTATCAAAAGTTTGTCAGCAATGGTTTTCACACTAAAATTGATACAG,2,100,Gm0001x00295,1,GM163,+
5,3201510,3201618,940,109,GTATATGCGTAATTTGCTATTGACTTTCCTTTTTGGTTCTTTTTTTGAGTGTAATTTCTTGTGTTAAATCAATATATTCATCTGTGGGTTGCTTTTTCTTGTCATTTAG,0,117,Gm0001x00295,1,GM163,+
6,3201667,3201780,1097,114,GTGGGTTTCTGTTTCTTAGGCTCATTTATTTGAAAAGTTTTGCACATTATGGATAGAGAAAGAAGCATGGTTTTTGGTGCATGCTGTTGAGGCCATATCTCCATATTCTTGCAG,0,133,Gm0001x00295,1,GM163,+
7,3201847,3201918,1277,72,GTGGCATTGCATTACTAAAGTATTTGTTGTACAGTGTGTTTACCATTTGTTTAAAGGCTTTGGTTTCTACAG,0,155,Gm0001x00295,1,GM163,+
8,3201991,3202292,1421,302,GTCACTTGTTTTATGAACTGGATTCTTGAAAACTAAAATGAAAAGATTATTACTAATCCTTTTTAAACAGACTTCATGGAAACAAAAAGAAGAACAAATATTGCATTAAATTTCTACCACTTTTTCTTATAAAATCCGTTTAAATTTCAGTTATTTTCTTCCTTTCATACCTTTTTCTTTTTATAATCCTTTCTTTTAGTATGCCTTCATATCATTTTATCAACTCATTCCTTCAAATTAATTGGCAACATTTCCTTCAATATAAACTTTCTGTAGAATTTATGTTGAATGTTTTATTATAG,0,179,Gm0001x00295,1,GM163,+
9,3202413,3202486,1843,74,GTTCTTGAAGCTTTCAACATACTTGAGTTTTTTTACCGTATGATCTGCTCATTGTGGTATTTATTTGGTTTCAG,0,219,Gm0001x00295,1,GM163,+
10,3202572,3202685,2002,114,GTATATTTTTACTCATTTGTATGATGCTTGGTCTAAGTTTGGTTCTATGATTGCTGTATGAACTCTATGTGCATATATGTATATCGTATAAATAATAAATGATGTGTGGCACAG,1,247,Gm0001x00295,1,GM163,+
11,3202768,3203235,2198,468,GTTTTCTCTTTTTAATTTTATTTTGAAAATTACCATTTCTTGTCTATGCAATTTAATGTGTATGAATCACATGACATAAGCTTGTGGAATAAGGTTTACCTGTTTCTCTGTTATGTTTGTGCTGCATTCCCAATTAGAAATCTGGCCCAGATATTCTGGTCCTTATAAGTTTAATAATAAGTTCATTTGTATGGCAAATGCGCCATAACTACTTGATCTTGTAATGTATTTATGTCATGATAGATTTTATTAATATATCTTATTTTAATGGAGCCCGTTAGGCATTATTAGGTTTTATCTAGTGATTAATATCAGAGTAATACTTCCTATTAACACTAGAAAAGCTTACTTAGTGTACGGATTCAATTAGCCTATCTAAATGCTCCTTTCACATGCAAGGTTCATGATTTTTAATTATGATGTTGGTCTTTCGTCCTTGGAAATACTTATGTGAGTGCATTGGTTCAG,2,274,Gm0001x00295,1,GM163,+
12,3203351,3203493,2781,143,GTAATAACTATTCTCTTTGAGAACTTCTAATATCTTTTCAAATACACATGGATTCACATACTGACATACATATGTTTGTTCTATCTATATATATTGTGTTCTTTGGCAAGATAACTAGATTGTATTATGTTGCATTCTTACAG,0,313,Gm0001x00295,1,GM163,+
13,3203551,3203646,2981,96,GTATGTAGAGCTCTAAATAGTATTATTATGAACTGCTTGAGTAGGATTTCAATTGCCTCTTCAGAAAGGTTTAAATGATTTCTATATGAATGTTAG,0,332,Gm0001x00295,1,GM163,+
14,3203694,3203786,3124,93,GTAAGTGATTCTTAAGTCATTGGACATGAATTTAAACCTTTCTCTTTTCTTGTCCTACCTAACTCCTCTTTTTTCTCTTTCTGAAAACAACAG,2,347,Gm0001x00295,1,GM163,+
15,3203842,3205555,3272,1714,GTATGTGACCAATGACCATTATGTCTATCATCTCCGCTAGATGTTGGCATCTAGAATTATTTGAATTTTGAAGAAAGCCTGGCAAGTTCTTCACCAGAACATTTTTGGTCAGACTTGGGTTTGCTGTGATTCAGTTATTCTGTTTTTCTCCCCAATTGATCTGCCTGAAATTAAATCATGAATTATTTTTCCTTTCATTATTTTCATCCTTGTATGATTTTATATGGATGATGAAAAAACTCTTCCATTCCATGAAAAAGTCTCATTAACATAATTTGTGTTTAAAAAATTGAGTATAACTTTTTGAAATCTGAAATACAGATATACACTATATTCATGTCTCGAATGGGACTTTGTTTTTTTATGATGATGAAAGCAACTGAACACCCAAATGTGGATTCAAAACTCTTCAGCCACCTTTTTCGTTCCCATGTTTTTTCACTTATAATTATCGGATGCCTTTCCTTCCAAATCAGAGAAAAGAACCAAAAGCAGGAAACTTTTCCCCATATCTACTAGAAATCTTAAACTTGACATGCTAGATAATTTTGGCTACACTTAATGACAGGAAATCAAATCCATGCTTAGATCTTTCAAACCTGCAATTGAGCTTAAGATGTTCTCTGTGCAACCTTCTAACTGGTCAAGACCCATGGTTTTTGGCAAGTTAAGCTTGCCAATTTATAATCTGGGTTCCAAGCTCCATACCTTTGTCTAGAGATGTCTGCTTTGGTGCCTGAAGCTGAATATCCCTGGTGAACCTCCAAAGTCATTCTGTGCTTATGCATAATCTATCTTTTAGTAACCAACATGTACAAGTGTTAATGTGATTACAGTTACTTTGCAGAATGATAAAATATAGCTTTTTACAATCTGTTGTATTATAATAATTCTTCCACTAATTTTTAATGAGTAACTTTAAAAACGATGTCAAGCCTTCTTACAATGCTCATGCCATATTTTATAATCAATAGTGTATAGCTCTTACCTTTGTTTTGTTGTTTGTGGCTTCACTTTTAATTCCTTTAGCTTATGGGTTTGTGGATCTTGTCAGTCACTATTTTAAACTTCTATGAACTCTCCTTGGTTTTTTTATTTAGAAACAAATTCTCATTGATTATGCAGAGAAGTGGAGAGTTTGTTTTATCTTTTTTGTATGTCCTTTATTCTATGTCTTTGTTAAGGAAATATCTCATCTTCCCCCCCACCCCCTCTTTTTTTTGTGCTGTTTTTCACTATTTCTCTCTAATAATGTGTTTTATTATCCAAAAGAATATTGATTTTAAAAGGCCATCAATTTGATATATATTATTAGCTGCCCCAATTGGTGTGCCAAACCTCACTCCCACATGGTGGTGGGGTGAGGAGTTAAGATTTTTAATTTGAGCATAGGTGATGATCTACATTGATGAATTGATGATAAAGTCCAACATGGACATTAAAGTTGGAATGACAGTATGAAAATATCTGCTGTTAGTAACTAAACTAACAAAATATCTGCCCTTGATCTACTTTAGAAGCACCACAATGAAGCATCATCTCTCAAAATATCTGCTGATAGTAATTAAACTAACAAAATACTACTTTTATGTTAAGATAAATCACTCAACGCAAAATACTGGAAGCAGTCAAACTACCCCAGAACAGATTACTATTCTGGTTTGGAAAGGCCATGCTTTGGCAATTTATTTATTTTTTGTTTCTTTTTGGACAG,0,366,Gm0001x00295,1,GM163,+
0,9315352,9315449,29,98,GTCTGGTTCAAACAAACGATTACTTCTCGTTTCAGTTTTAGATTACGATTCCTGAATTCGATCTAATGTTTTGTGTGTGTTTTTGGTCGGATTTTTAG,0,4,AT5G26680.1,5,AT,-
1,9315160,9315234,244,75,GTTCGTGCCCCTTCTTCTCCTTTGTATCAATCTCAATGAGTATAGTTTTTGTAATTGTGGTTGAATGTGACACAG,0,43,AT5G26680.1,5,AT,-
2,9314931,9315100,378,170,GTTACTATTACTACTCTCTCTTTGTTTCCACTATTGTAAAGTTTGGATCTTTTTGTGTGATGTGTTATGTCTCTATGTTTTTTTTGTATATGTAGTCATTTACATGATGTTTAATCGGTTTGGATCTTTTTATGTGATGTGTTGTCTCTATGTTTGTTTTGTACATGTAG,2,62,AT5G26680.1,5,AT,-
3,9314792,9314870,608,79,GTAATGCTCTCCTCCTTTTACTTTCTCTGTTGGTGGAAAAGGTTCTCTTTTTTTATTAGTTCTGAATCTTTTGATGCAG,2,82,AT5G26680.1,5,AT,-
4,9314642,9314737,741,96,GTAGATTTAATTATCTGGAATGCTTCTTAAATTGAGTTTTAGTTAGACAATGGCTAAAGTGAGTTTCTGAACTGTTGCTTTCTACTCTTGATTCAG,2,100,AT5G26680.1,5,AT,-
5,9314512,9314592,886,81,GTTTGTCACTCTTACTTGCCTTGCCTAGCTTTATTTTATTACCGGAAGAGCATAAATTTAGAAGCTTTTCTGTGCTGATAG,0,117,AT5G26680.1,5,AT,-
6,9314347,9314463,1015,117,GTAGTATATTATTTTTTCATCTATGAATCGTTGGACTCCTTAGTTTTTATGGCATCCACTTCAAAGCAATTGAATCTAGGACTCGTATTAATATATGTATAAATTTCCACTCTCCAG,0,133,AT5G26680.1,5,AT,-
7,9314160,9314280,1198,121,GTACTTATGTTATGTGCAGAGTCCCGAGGGTCTAAATCTCTTCTATTAACTCGTCTTTTTGTTTATGATATGAAATGGCTAAAAGTTTGAAAAGAAGACTGATGTTGCTTCTTACATACAG,0,155,AT5G26680.1,5,AT,-
8,9313997,9314108,1370,112,GTCTTAATTCTTTTGTTTGTTCTCTTTTTCGCGTTTAACTGTCAGTTTCAAGTGACCACTGTCTTCAATCTTATATGCGATGCTTCCTTATGAAACGCTTTTGTCTGTTTAG,0,172,AT5G26680.1,5,AT,-
9,9313798,9313876,1602,79,GTTTGTCTCTCACACACACTATTCTTTCTTCAACGTATTAAGTTAATGAACTGATCCTTATATTGTGGTCTCGTTTCAG,0,212,AT5G26680.1,5,AT,-
10,9313627,9313712,1766,86,GTATCTAGATATAGATCAATATTGTGTTATTTTCTCTGTGAATTGTAGAACGCAAGTTAGAAACTAATATGTATTTTGTGAAACAG,1,240,AT5G26680.1,5,AT,-
11,9313214,9313544,1934,331,GTTTAATTCTGTTTTAGTATCTCAGAGTAACTTGATTTGGTGACTATATACTGATTTTATTATATAAAAGTTCAAACCAACCAATATGAGTGAAGGTTATAACTTGTTAATTAGTCTAGTTGGCTGCACATTACATCTGCTGTTTGCTGAAAATATTTCTTATCGCGATGCATTACCTTAGCCACATATTTAAGAAGCATTTATCTGTCAACATGTAGTCTAATCTAAATTAATCCATCCTGTCAACTTTGTTCTATCTCTTAACATCTGTTGTTACATGAGCAATAGCCATAGTGCGTTAAAGACGTTTACATTTTGGTATTTTATGTAG,2,267,AT5G26680.1,5,AT,-
12,9313007,9313098,2380,92,GTAGAAACCTAGTTCTCCCCTATTCTGCTCCACGCATATTTTGGATTCTTCGGGAATTTTTCTTAGGTACCTCCTTTTGTCTTCCTTGCCAG,0,306,AT5G26680.1,5,AT,-
13,9312847,9312949,2529,103,GTATGCTTCACGTAGTGTTATCATACTTTGTTCCATATTTTCCATATTGTGCAATGCTTTATTCTGATAATAATATTGTGGATGATCTGAAATTCTTGTATAG,0,325,AT5G26680.1,5,AT,-
14,9312719,9312799,2679,81,GTTGGTATCTTTCGAACAAATTAGTGGTGATTTTAGCTTGTACCTCTCCTTCCACTCATTTCTGTCTTAAACATATCACAG,2,340,AT5G26680.1,5,AT,-
15,9312364,9312663,2815,300,GTTTGTCCCTTACAGTTTTATATATGGTTGAACCAATTAGTTCTTAAGCTTCTTTCTTTCCACATGTACATGAATGTGTACGTCACATAATTCCTTAATTGCAAAAGAAACACTGATTAGTAAATTAATTGGTAACTCTACGGCTTTCCAAATGGATTGTAAGACAACTCCCGATTAGTGGTACTTAAAACATTTTCATGCTTTCCACCTACATCTTGTTATTATCAATTTATTGTCCATAGCCTGCCACAAACTCTTAACACATGTCCACAAATGAATAGAAATATATGTACACTTTAG,0,359,AT5G26680.1,5,AT,-
16,9311960,9312153,3325,194,GTGTCATAGGCACAAGAATCTGAATATCCGGTGAACATACAGCTGTGAGCAGGAGACTATCTTACGTACATAGAACCAAGTTCCTCCATTTTTAAGATTCCTGGGATCAATATAACACTCTACTTTGTGTTTCACATGTTTCTAGATATGCATCGATCATTTGGTGTTTATGAACTGTTTCTTACTTGCTATAG,0,429,AT5G26680.1,5,AT,-
0,170825,181302,24,10478,GTAATACATCCAATCCCAGAATATAAGACATCAAAATATGGAATTATCTATACTAATATAATATGTAAAGACAAAAGTAAAGAGATGATCAAGTAATGGTAAGGTCCTGTGGAGTTGATGCGTCTGTGGTGGCCTCTTGAGTGGGTTGGATCAGGACTTTGGCCTCTGTTATGGTAATCTCCTTAGGTGGCATAGTCTCCTTAGCTGGAGCTATGGGCTCTGATGGTTTAAGGAGGTCAGAAATGGAGTGAGAGGCTTAGTGTGTGTGATCCCAGGGTGCGCGGGGCTCTCATCTTCAGATGCATGGTCGCGGGGCTCTGTTGGCATTTTTAGCAACTTCCCCTTGGTTTTTGGAAACCTTCCTCCATTTCGCAATTTGAAAGCCATTTCTAAGCTTGGAGGTGATTTCGCAACCAAATGGGAGTTTCACAGCCCAAATGTGATGAAAAGAAGGAAAAAAAATTTTCGCAGCCGTTTCGCAGCTGTAAAACACCCTGCGAAATGGGGGTTTGGCTGCGGAATTGGGAGTTTTTCTGCTTCGCAACCATTTCGCAACTGCAAAAAACCCTGCGAAATGGGGCTTTGGCTGCGAAATTGGGAGTTTTTATGCTTCACTGCCATTTCGCAGCTGCAAAACACCCTGCGAAATGGGGCTTTGGCTGCGAAATTGGGAGTTTTTATGCTTCGCTGCCATTTCGCAGCTGCAAAACACCCTGCGAAATGGGGATTTGGCTGCGAAATTGGTAGTTTTTATGCTTCGCAGCCGTTTCGTAGCTGCAAAACACCCTGCGAAATGGGCTGCGAAATTGAGAGTTTTTACGCTTTGGCACTTCGCAGCCGTTTCGCAACTGCGAAATGAGGGTCACTATGCTGCAAAATGGCACTCGTGTGCCAAAAGTGGCTTCGCAGCTGCGAAATCCTTTGCGAAATGGAGCTTTCCCTGCGAAAATGGAATCTTTCATGCTTTGGTGGTTCGTAGTCGTTTCGCAACTGCGAAATGGGGGCTCCTATACTACGAAGTGGCACTCGTGTGCCAAAATTGGTTTCGCAGCTGCAAAAATTTTCGCAGAGAGGGGTCTGAGGCTGCGAAATGGTTTCATAGCAAAGTGTCGATTTCACAGAGGCTGCGAAATCTCGTAGACCCTTGTTTTTCCCCTGTTTTTGCCCTATTTTTGACCCGTTTTTGCTCCGAAAGACTTCCTTTCAATTCCTTTGCAATTCCTCCTGATTTTGATCAACCAAAAACCTATTTTACATCAAAACAAATTAGAATTAAGACATTGAAATCAAAATTAAAGCATTTAAATCAAAATTAAAGCATTGAAATCAAAATTAAAACAAGTAAAAAAAAACAAAACAAAAAGATATGGACTAGCTAGTCTTTAAAAAAACTAAGTCCATCAAAAAATTTACTCATGATTCACTTTGCCCAGATCCCATATGAAGTTTGCATCCTTCACTTGAGACTTGGTTTGTATGATTTTCCCATACAAAGCTTGGAGAAAAGGTGGAGGCATGTGTTTCATCATTTCTTCCTTGATGACTATCATCTGTGGTTCTCTTTGTACATTAACATCATAACCATCTTTCTCTATGCTTTTCCCCTTTTTCTTTCCTTTAATTTCCTCCCTCTTTTCTTTCTCTGTTTTACTCTCTACCTTATGCTATAGCTTGCATGTGGGCAGATCAACCTCTTGAAACTTCAGCCACATAACTCATGAAGTTCATGGCTTCCTCTGCTATCTCGTATTCAACATGGCATGCACAACTAGCAATTTGTGAATTAAAAACAGAGAAAACAAAAGAAAACAAAAGAAAAACAATTCAAAGAAAAAAAAAATTACGGTAAACTAAAAACTAAATAAAAGGTATACTAAAATATGAACAATAAAGAAATAAAAAGAGTTAGTAAAAGGAAAAGAAAATTCACCAAACTTGTGATGAAGATCACAAGTACTCTAAAAAGGTAATATCACTGTAAAGTGGCACCATCTCCGGCAACGGCGCCATTTGATTCATGCCCAATTGGTGTCTCAGTTGATTCGTGTCCAGCTGGTGCTCCTTGATTGAGGGAGTAATCAACAAAATTTATAACCTATTACACCATTTACTAGGGTAGCAAAGACAAAGCTACTATAGCATAGTGGCTCTAGGATCGTTCACTGGGATGGGTTTTCACTTTGCAAATGATATTAATTCAAAGCTGAATTGGTGTCTTTTCATTTCAAGGTTAGCTTTAAAAGAAAACATAAAGATGTTTGAATGAAAAAGGTTCGATTTTAAACAAACCAAAAATAGTAACTGATTTTACTTACAAAGAAAAATGTTTCTTGGAGTTCAGATCACTAAACTCAGGTTCCTCATACAAAAAGGAGAGTTCTGGTCACTTGTTTCTTTTCCTCGCATTAGAGAATTAACATATAGTTCCTTCTCCAACCGGTGTTGTACAGATGTTTCTCATTAATGGGTTCAAACACTAAATCCCTCTCACTGATACAACTTGCAATGGTTCATGCCTCTCACTAGCACTTACCATTCAAGGTGATCTTTAACCTTGGATTACCCGTCAAAAGCTCGCAAGAGATAACTAATGGATGTCTCCTTGGAGTCCAAAAGCTTACCAAGTATTGGCTATTCTAGAAAATCCTACCTTCAAGTCACCTCCCAAAGGCTCGCAAGAGATAAACTAGTGAATCTCCATGGACGGAGATCACTTGCCTTACCAAGTGTTGGCCCAGGTGATTTAAAGGTGTTTTAAGTTAACTAAAAAGATAAAAACCATTAACGGGTCACACTTTCTCTTCATTAAAAACTAAAACAACAAAACTTCCAATTTATGCATTCGAAAACTTACCCGGTTACCTTAGCTCCAAGAGACGAAAAGCCTAGCCTCTCATCCTCTAAGGAAAAATCCTCAGAGTTTGGTTGGCTAGAAAAAAAAAGAATGAGAAAACAAAAATATGTATATATATGAAGGAAGAACAAAGCAAGTGCTCTGTAAAATATATATCTTCCTCCCGTCGGATTACATGATTCTATATATGATGCTCTGAGAACAAGCTCCTGAGAGCTATATATAAAGAAAATTACAAAACAAAATATCTAAGGTTATTCACCCCTTTTCCAAACTTAATAACTAAGGAATCTTATGGTTGGTAGCTTACAAGGAGAAGAATGGAAATTTATACAAAAATATCTGAAGAAAAATATCCAAAAGTGTCGGTCACAACTATCGAGAAGCTTCAGGAGAACACCCGTGCACTGTGCAAAATGGCTGCGAAATTCTCTCAACAAAAGGCTGATTTCGCAGCCGTGCAAAAATCTTCCTTCAGCTTGGAGTGATCTTCTTGCAATGGCTTTAACTCCTTCGTTTCAACTCCGAATCATGCACCATTTGAAGCGTTGGATTTTTGACTTCCTGAGCTTTGAAATGGTATATATCATGTACAAAATGGACTTTGGGAAGTGCTCCAAAAGTGCACAAGAAGACTACAGCTGTTGTCCTCTGTTTTCTTCACTCTGTTTTTCCTCTCTCCATTGTTCTTTCCTTGCATACTTTGAACGACTTTGGCAAAGGGCTATGGAGCTCCAAAGATTTGTCCTTCATGAATTTGAGTTTCCAAAAGCTTTGTCATGAACTATATACAGCTCTCCCTCATTCTTGGATTGCTTTGGTGATCAAAAAGCTATCAAAACACCAAAACTTAACACAATTTGATTAGAATTTATTGCAAGGGTCCTTAACATGTTAATTGGGTTAAAAGGCAATAACTACTACTCAAAAGTGTTTAAAAGAGTTAATTACAATCTATCAAATAACACTTTTTGAGTAGTAATCACCCAACTATCAACATTTTCACCTTCAGTTAATGCAAAAGCAAGAGGAAACAATTGATTATTTCCATCACAGCCCATGGCAATCATTACAATGCCCTTATACTTCCCATACAAGTGTGTACCATCAATAGTTAACACAGGACGACAATGCTTGAAGCCCTCTATGGAAGGATGAAATGCCCAAAAGACTCGCTGAAATACCTCTTCATTTCGCATATTTCCTGGGAATGTTTTAGAAATTACAACACATCCTGGATTGGCTTGCTCTAAGGCACCAAAAAAATGTGGCAGTTTAGCATATGATTTATAGAAATCACCAAACAAATTAGTTAATGCTATACACTTGCCTTTCGAAGCCTTAGTGTATGAGATATGGTACCCGAATCTTTCTACAACACTTGCTTGAATGGCAGCCACTGAAAATGTGAATTGTGTCTTAATCATTTCCTCTATATGGGCGGCTATCAGGTTTGAGTCTAACTAATGATGATCTTGGTTCATGCAAGGATTGACACATGTGTGTGGGCCACTATATTTGTTGATCTCAAATAAAGATGTCCCTTTAACAACTGTAGCACGTAGTCTCCAAGGACATTGAGACTGTTCAGCTTTCTTGCATCTTAGGACCAACAATTTCTTTGTGGATGACAAAATGATATACTCTTGGTGCGAATTAATAGAGTACATCTTTACAGCATGTTGCAAATCTCCTTTGGAATTAAATATTTATCCAACTATGAACTCTCCAGTTGGATGTCCTATAAGAGTGTTTCCCCATGGGGTCCATTCACTTGACACAACATGACCAATGTTTTCAACATTTTCAAACTGTGGTGATGGTGCCAAATGATATTGCATTGAAGATAATTCAATTGGGTCATCTAAATCCTTTGTATCTGGATTGTTTGACAAGTTACATCATTTCCCATCCATAGCCACATATCTCATTTGTTCTCTTTCAATTGCCTCACGAACAACTAAAAAAGGCGAGCTACCTTCCCTATCTTGATTATCATCATTATGAACATCCTCGGCTCCTACACTGTCATCATCACATTGTCTTCCTTCTTCGTTTTCCTCATCCTCTTCTGATCTATGCTCAAAAGTAAATGGATTTTGAATATTACTAGTACCATCATTTTCACCAAGTAACAAAGGCAGGCAATTACCAATTGGTGAATTCATTTGAAAGTCAATAGGTACTTGTTCAACAAATAACTCAACTTCATCCATCCCAAATCTGTTATGCATTTCTAACATTCGAGCTATACTACTATCATTCTTTACTAGGCAAGGTTAAAATTTATTCCCTTTTTTCATAGGATACTTACAACTAAGTAGTAATCGAAAATGTTCTTTATTGATGTCAGTGACCGAGTATATCATTTCCAACAGTTGTTCATATGTTGTCCCAAGAGGCACATCAATAGGTTCAACCACAACTCTATCCCCAACATAATCAACATCGGTCTGTGTTCTCACCATTTTCCCATTACAAAAACAAACTATTGCCACCGATAAATTAGACATAGTTTACTTATAGAAGAAGCCAAAAAAACCAAATCAATTTCATTTTTAACCACAAAATTACACAATATAAATCATTACTAATAACATCAATTTGTAATGAAATAACAAATAACAATAATAGGGTATGTTATTAACAATAATCAAATAACAAATAACACCTTAATATCCAAATAATTCAATGTTTTTAATTAATAATATTTTCTTATTATTTATTACCATTAAAATTGAATAAAAGGTTGTTATTTTTCCATTAACAATTAAAATGTCTTTGTTTAAGCTACCCAAATTAAGTGGGAATTTTTTTTAAATTTGTTCAAGAATGGATGTAATGTGTACATATTCAACATAATTAATAGTTACGACTATAAATGTTTTAATATTTTCCATTTAAATAATTAAAAAAGAGAAAGCGGAATAGTTAATACACTTTTGCTTATGTCTGGTTAATTTTTAAATTTTTTAATTTAATTAAATTTCTACAATTTATAATTTAATAAGTTAAATTTGAAGTAAAAACTAATATTTTCTATACATTAAATTTGGTTTTAGTGTTTTTTTATTTATTTATAACTATTGAGTTCTTCAAATATTTAATAATCTTTAGGAGTCTATCTCGATCTTATAGATTTTTCCCTCTATGGCCTAAAATATTTATAAAAATATTCTAAATAACTTTCCTTATTCTATGAGGAAATATGATATCACAATAATAAATTAACTTAGAAAATACTTTATACAATATTCTTTACCAAAATGAATTTATAATAATTGAGAATTTGATACATTTTCTAATATATGATACAATTCAAAAGCTAACCAATAATTACAAGCAATTTTCATGGTTTGGAGATCCAGCCTAGGTTCTACATGTCTTTTTACAGTTTTATAAAGTTGTTAGCATTTGTATAGGTGCTATTAAATGTTCCACATGCCATTAAATGATTCGAGTTCTAGGAGCCCTAGAGTTTGGTCATGATTCGAGTTCTAGGAGCCCTATAATGGGGAAGAGATTGTTATATGAGCAATAGTATTATCTTTATAAAAATGATGATTGAAAAATGACACACTCAAATCTCCTTGATCCTAATAATTTTTTTTTAAAAATATATATATAATAAAAAGTATATATTTTTTTAGAGGAGAAAAAGAAACAAAAATAAATTTAATAATCACTTCCAATTTTATAAAGTTAATAAATTATGAAAACAAATTTAAAAATAATTTCAAAAACTTAAGCATTTGTAATGATGGTTTCTCGATAAGTCTAGTAATTATAATAAATAAGAAGATAAAATATTTTAATAATAAACAAGTAATTATAACTCATAACCCTAAGGATTTATTAGGAAGTGTAGAGACTTTCACTTTTCTTTTTCTGTAACTTTTTGAAGTTGCTTCCATATGTCTTATGTCAAGAAGATTCCCATAAATATGTATTAAACCTGGAAGAAGCAGATTCTTACAAAAAATAATGAGTCATTTTTCCCAATTTTTTACTTTAATGCATAGGTGTTTTACAAAATCCACAAAACAAAGCTTTTTGAATTTTTGGCTATAAATTTTAGTTCCAGATTCTCACTAGGCAAATATTAATATTTGTTGTTCATATGTATTGTTGTACGTGTATCATTGTATTGTGCATTATATTTGTACCATAAAATACACTTCAGATGAGATACAACCAAGCAATAAATAAGATTTACATCAGGAAAATGAATTATATCATTGTATTGTAAGTTTTCTAACAAACATGCTTACAACCACTAAGGTACTTTTAGAAATAGTTGATGGATAAGATTAAGCAAGCTAATGCCTCATAACCAGCAATAGCAGGCCCATGTTTGTGAGGAATTGAAGCTTCTATCCGGGAGCGAGTAATTGTAAGGCTGTTGAAATTTTACCAGTAGTAATGGTTGAGAAAGTTGAACATGTAAAATATGCCACAAAAAATATGAAAAATTAGCACTAATGTGAAGAGCGTGCTTTGATCAGTGTAAAGCAAAGATCAGTACATTAAGCTCTACATTAAGCAGGAGTGTATTTCCATTCCATATTGGGATTTCATAGGTTTCCCCTAAGCACCCTGCTAAAGGCCATATTTAATTTCAAACCCTTCAACTTTCAGTCAGTAAACTCTCATTTTAATAACCAAGGCATAATGACGTCTTTCACATACTTATCCAAGAAAAGTTAAAAGGAAAAAACATCATCAACAATTATCATCATCCAATTTGTGATTGGAATTGGCTAAAAAGAAAAATTTACACTTCATGTGCAGGGATAACAGAAAATAATAAACCAAATGATATTGTAGTCACAAATTCATCAGGGGTGGCCCTGTCCTGTAATACATCATCATTATTCCAGGTATAATCAAAGCCAGATAGCAATATACCATTTGTCCCAATTTTGAGGAACTCACTGAAACATATTCTTTTCTAAGATTAATAGCCACTTGATGCATTGTAACTATGTTAATTTCCAACATATTAACTCCATTTTTATAGAAAAAAGAATTTTTTTTTTCTCCATTTCAAAACCCCAATCCGAAAAAACCTTAACCTCTCCAAGTCTCTCTCTCTCCCCCACCTTCATCCAATCCGAAATCCATATTTTGGATCACGATGAAGATGAATCATGGGCAGATCAACAGTTATCAGGATTCTGAGATGAGAGGAAAATGAGGCAAAGGTTAGGGTTTTTCGGGTTCCAGGATAAGAGGAATACAAGGTGGAGGAAAGGGTTTTTCAAGTTTTTTGGATAGCTATGAAATTGAAAACAACTTGAGATTTTTAAAATTTTCAAAACAACTTGTTTTCCTCTATTTGGTTGGTGAGAAAGCTAAGGAAAATGAGTGGGAAAAAACTCATGAACCAGAAAAAAATTTACCTAGCTGCTGGTGGGAGCCACTGGTGGGAGCTACAGCTGGTGAGGAGAGAAAATGGAGCCGCAGATGGTGGAGCCGTAGAGAAGAGAATACTTTCTGGATTGTTGATTTTGGGAAAAAATTGGGTCTCCAAAGTAAAAAAACAAGTTTGACGAAGATGGCTTGTTGACGTGAATTGCTGATGTGGATTCAAAAGAGTATTTTGGCAAATAGTTTGAAAACTGGATTAGTTCGGGTTTTTTTTCCCAAAGAAATACTACTTTGGCTGTAAACTCTATATTAAAAATCTCCATTAACTTTTGAAGAGATCACGTAAATGGATATATACTAAATCTTCGTCCATACACCAATTGAAGCTCCAATATATATATAAATATATATATATAAATGTATATATATGTAGGTGCTCACGTCACCACTTCGGCATACACCCGCTCAAGCTCATATATATATATAAGAGAAGTACTTACAAGTTTGAAGAGGTGAAGATTTCTCACGGTCAATTCAAGTCGAGTTTCTCAAGTTGGGTTGAAGAACACCCAAAGATTAAAAAAGCTCTCTAAAAAAGTTCAAGTCAAGTTTCTCAACTATTGTCCCTTTTATATAATATATATATATGAATGACAAATTGGAAGAGGATTTAAAGTGTAAAACAAGAAGGAAAACGAAGTGAAGTTTGGAAAAAAGTGGAAAATAAATATTTTTGGAAAAAATAGGAAACTTTCTATTAAAATATTTCTTTGAAAAAAAAAATTTACTTCAAGACTCACCCCATCCACATGACAATGCATGTATATGATGCGTCTTGAAGTGGGGACATTTGTAGACATAAAAAAATTAGTGGATTAAATTACCACTAATTTGGTCTTCAAAATGACTAAATTAAAAAAAAAAATCCTCTTATGGATAAGTTTCCATAATCTCCAAAACGGAAGAAAATTTGCTAAAATCAAGGAACTAAATCCCTTGAATTGAAAAACTAAAATTTGGGAATTTGAATATGAAAGGAGAAATTAGAAAATTCAAAAAAAGAAAATCTTAAGGAGAAAATCCAAAGGTGACTTCGTAAGAGAAAATAGGCTTCACAACAAAAGAAAAAGTTTCATCAAATCTCCCTACAAAGAACTACTACACGCGTTCTTTGTCATTCAATAAGTTCATTCGAGAATAAGTCATTTGTGACCCTCGATTGATCTTTGAAATCAAGAAAACGTTATCGTCGTCTTCCAAAGTGTGATCAAGACAAAAGAATTAGAGAGAAAAATATTATTTTGGAAATAATATTATTTTTGAGACTGTGCCTATATTTTTTTTAATTTTAATAAATATTTTGTTCACATTATTTTTTTATTTGTTTTGCTAATTTAGCAGGACCAAAAGTTTTACAAAATTTGTGTGTACCGGAGCAATTGCCAAATGGCTTCCTGTTGTATCATAATTCATACTTTAATGCTCCCGTTTAAAACTCCGTTGGAGTCTGATCTAGAGAGGCCCCTACACCATTGGGATGGCTCGGATGTAGGCAGGCTGACTTGTGGCCCAAAACTTTTAGGTTGGGTTGGGTCGGGCTTAAGATGGGCCCAATGTACGTATATATAATTGAGGCATTGTCCTGGGGGAGCTTGCTAATAAAGTTTGGGTGTAGGCTTTTGAAAGTAGAAGAGTTAAAATTTGATATGGGTTTCACGTTAAAGGTAGTATGTATTCAAGTTAAAAAAGACAGTATTAATTAAGGGATGTGATATCATGTATGCATTTTGATCCATTTTTGCTTCATTATTATTATTTTTATTTCTTTTTGTATTTTAATTTCCTTCTTTGATTGATGATTAAGCCCATTCAACGATTTTGATTTTATTATATATATATATATATATATATATATATATATATATATATATATGTGTTTGTGTGCAACAGTTGGAAATAAATTTAGCATTAAAGTGACTTTCAATTTTGATTTTTGAGGTTTGACAAAGTGTGGAGTGGAAGCTGAGGAAGAGGAGGCGGGAAACACAGCAGTGTTTTCTCTGAGACGGCAAACTTTCCATCCCCCCCCTCTTTGTTTTTTTTTTCCTCGATTAATCTCTGATTGGGAACCCAAACTCCTTCTGGTGTCATGGGTATTAAGGTACACTCTTGCATTCCAACATCAATGTCTGAGATTTTATTCTAGGTTTCATTAAAAGTCTTCTTCTTTTTGTTCCTCTTGTGCTACTGCTAG,0,8,GSVIVT00022496001,14,VV,-
1,170626,170707,10619,82,GTCTGCACATTCTTCACTCTCTCTCTATACGTCTTTTTGTATATATTTATGATTTTTAATTTAAATGCTCGTGCCTTTGCAG,0,47,GSVIVT00022496001,14,VV,-
2,170474,170566,10760,93,GTGCTTTCGCCACTCCCTCACTTCACAATTTTCCTCTTTTTATATGATATTCATTCATAATCCATTTGGGTTTTGTTGTAATTCTTTTTTCAG,2,66,GSVIVT00022496001,14,VV,-
3,170300,170413,10913,114,GTAATTTGTTTCATTACCTCACTCTTTTCTATCTATTCATTTCATTTCCATACACGCTCTTTCTTCTAGTTATTTATTTATTTACTTGTCATTTTCTTTGCCTTTTTGTATCAG,2,86,GSVIVT00022496001,14,VV,-
4,170138,170245,11081,108,GTATCTTTCCTATCACAGTGCCCCCATTTATTCTGCATTTTTTTTTAACATGATTATGAATCTATAAGGGCTCGTTTGACATGCTTTTGTACCACACCCTTGGTGCAG,2,104,GSVIVT00022496001,14,VV,-
5,170020,170088,11238,69,GTCAGTGCACAGCTTAAGCTCTTTTCCTCTCTTTCTCTCTGTCTCTAACTATCTTTAGTGTTCTTGCAG,0,121,GSVIVT00022496001,14,VV,-
6,169651,169971,11355,321,GTAAGTTTTTTCCTATTCTTTTTCTTCCTTTTATCAATTGATCAAGGGCCCGGGATAGATGATTGGGTGACCCAATTCTTGTTAACTACATTCTGCTGAAAGCAGAGGCATTAAAAACTACAGTGAATCTGAATGCATTTGAGAAGCAAGTTTATAACCTGTAATCATTGGTAAATTTATATACCCATTGAATCTGTTTCCTTTGAAGTAGTTTTCTTGAAACAGCATATTGTTTTTCAACTTTCTTTATACCCAGTGGAGATTGACATGAAGGTTAGAACTGTTTACTTCAGTACTTCCATTTTCTGCTCCTTGTTTCAG,0,137,GSVIVT00022496001,14,VV,-
7,169494,169584,11742,91,GTGACATTTTATGATTTGAAGTAACTCATTTGTAGTGTGAATTTATCTGTATATACAATAAAAGTTTTGATTTCTTTTTTCGGTTCCATAG,0,159,GSVIVT00022496001,14,VV,-
8,169060,169442,11884,383,GTATGCATCTTTCTGGTTATGATAAGTTCATTATTTTGGTCTTTATGTACATCTTATAGAAGAAATTGCTGAAACATTTTGTTTTTCACATCGCTGGATCAAACAAAATTTTCACATCAGAATTAGTTTATTCTTGTTGCAGTTAAGGATAATTTTTTAAGGATTCCATAATGTGATCTCTAATTTTTCTTCTACACATTTGCACTGATAATCCCTTTCTCTTTATTGGATTAATTCCATGAAAGGACTTGTGCCTTCAAATTCTATTGGAACCTAAATATGATATCACAATGAAATACAAACATTCTTTTTCCATGGGATGTCCAAACATGTGCTTAGTGAATGAATTTTAAGAGTTTATAGTTAATTTATGCATGTTTCAG,0,176,GSVIVT00022496001,14,VV,-
9,168868,168939,12387,72,GTGCTTAAAAATTTTGAATATGGAATCTGATTGCTGATTTTTCACTCTTTCCAATAATGAATTATGTTTCAG,0,216,GSVIVT00022496001,14,VV,-
10,167673,168782,12544,1110,GTATTAATATCAAAGATTCTTGGTCTATCAAATGCATATATGTTTTTTTCCATATGTAGATATTCAGAAAATGATAAGACTATCCATGCATCTTGTAGTAATCTTTCCTTTTTATTTTTAATTGTTCTTAAAAGAAGCAACGCTGAAAAGAAAAGAAACTGAAATGTTAGTCCCTGTAATGGGAGAAGCTTGCTTCCATTTTGTTCTTTTGATGGTGTAGTGGGCTCTTTTATTGAGTAGTATTTCTCTTTCCACAACTGCTTCTTGCACTTTTTCTTGGGTGGTATTTCTCTCTGTAAAGTGTATGTGTGTTTAAAAATCAAATATGGGGATATTGATTGGCTCATATGGATTCTGCACTTCTGCTTATTAAATCCAGAACATGTTGTTCAGCTCAACTGTTAGCTACTCTTGCTTATGTCTATACATGCATATACACTTATTAGGAATGTCTCAATTTCCTAATCTTGTCAAGTTTTCTTTTTGTAAAGACTAACTGTTAATTTCCATTGTTTCAACAATGCTTCACAGATACCTGTGGAGAAAGATATGCCAATCTTTAACCTTTACATTTGTGTGAAGTTCACGATAACTTTTTTCATTTTTTGGTTTCCATCAAATCAAAGCAACTAAACTACTAAAGCCTCACTGTATTTTTAGTTAATACACTTTTCAAACTATATCAATATAACATAACAAGCATGCAATATTAATAAACATTAATTTCAACCAAATTTTGTGTTGATAAAGCTGAAGGAAAATGTGTTCTTCAGTCAAGAAACTCGCCTTCCACCAGCTTGCATAAAACACCCAATTCCCTCTAGTCTGTCCTGCATTTGTCTGCCCGTAAGATATTTTACTTGTTTTTTCTCTCTTTGTATTCACTTTTTTTTTTCCTTTTTTTTTCACAAGTTTAAACATCTTTTTCATTTTTTTTCCTCTTTTTTAAGTTGTTATATAAATATACTATTAAATTGTATTTATCCACTTCATTTGAAATTGAGTGCTTAATTAATATCTATAATTGCTATATTTATACTGAAATTCATTTTTCTGCTTCAATTTTCAATTAAAGCTCATTTAGTATTTTGTACCATCTTAATGCATCAG,1,244,GSVIVT00022496001,14,VV,-
11,167166,167590,13736,425,GTGCTTTTCATTTTCCATTGTGGAACTTATAATTTAAAATGGTTGAACTTGTATTTCATGCAATTATGACGTTGTGACATGATTTGAAAAGACATTATCTTGGAACAAATTTGTGGAAAGTCCTCAACATTTTTGAAAGTTTTCTTTATGATCTCATGAATAAAGTTGTCATGTGTTCTATGTGTGAACTATCAATATCATCTTTGTTAACTCATTAGATCAATTTATGTCATTCTTATTAATCAATCAACAAATTTAATTATAGTGTTGTACATATAACAATGGAAGCATTGTAGGTAATGCAGAAAGAATTTATTGTTTACTGTGATTTGTTTCATTGATGATTGACCTTGATAAGTAACCATCTTTATGCATTTATCAACCATTCCTATTTCTGTATGACTTACATCTCTTTCTGTATGCAG,2,271,GSVIVT00022496001,14,VV,-
12,166962,167050,14276,89,GTAAATGATTTTAGTTGGAAAATTTGTATTGTCTTTTGTTTTTTTTTTGGGCATGTTACAAGTGTTTTTGTTGTCTCTCACATTTTTAG,0,310,GSVIVT00022496001,14,VV,-
0,653349,653561,300,213,GTGAGAGTGAACGAGAGAGAGAGAGAGAGAGAGAGAGAGAGAGAGAGACATTGTCTGGTTTGCGACGCTGTGTAATCGTATCTTAAGTTTACTGTTGTTCTTCTCTCGACATGATGTTTTGACGATTTGGAACATGAGAAGGCCGAGTTGGGTGTTGTGGAGGTTTCTGGACTTCATATTTATGGTGATGTATGGCGAAATTCCATATAACAG,0,4,estExt_Genewise1.C_390089,39,PP,+
1,653679,654263,630,585,GTACGTGTTTCGTTTTAGCAATTAATTGTATATGATTTGTTTTTTTTGAAAATTAATTAATTATTTTTTTCCAAAAGAGAAAGGTATGATTATCTGTGCATTGAAAGTGCCACTGTTTAATTCAACTCGGAATATCCACAAATGGGAGCGCCTAGTCTTTCGCTCATGCGGTTGCGGTCAAATTGACGGTTCGAATCGTCATTACAGAGTTCTAGAAGTACTTGACATTATGAAATAAGAGATATGGAGGATTAAAACTTTGTCTTCTTCACTAGTGACTGGCAAAATGAAATCGATGATACCTCCTGTCTTAATCATGAGAAGTATTTTTCTTTTAGCTTCACCTACCACTGCAATCGTCAATATGTTGCTTATATAGTTTTGTTACCAAAACCAGGGATCATGTAGTTTAAATACATATCATTTGAAAAGAAAGCGTGTCCTTGTGCTGATGGTATGATGTGTGCGAATTTAAAACAATATAATTGTGCCGCCCACACCTGATTGAGGCCATGCTTTGTACTCAAAAGCGGTCTATCTCGGTTTATGCTCCATCGAACTCATGTTTGCTGTGCTCTTCTGCAG,0,43,estExt_Genewise1.C_390089,39,PP,+
2,654323,654613,1274,291,GTCAGGTTATTCTTTGTCTTTTCTCCCTGGTTTGGTGTAATTCAATTGGTGACAAAGTTTACACACGCACAGAGATTACATTCTAATGTCTGCAGTCTTTCAAAGGGGTTAAGAGTTGCACTTTGTCCATGCAACACAATTTTGGAGTCTTTTTTAACATGTCTGGTCCATGTCAAAAATACTCATTAAACTCACAGCGAATGTTTGCTGTACAGCTTTGAGATTTTGTTTATTACGTTGACGTGCATTGACAAGGCGACTGACGTAGGTGTTCTGGGCTCTTGTTGCCAG,2,62,estExt_Genewise1.C_390089,39,PP,+
3,654674,654827,1625,154,GTATGTACCGTCCAGTAAGAATGCTTCATCCTGCTTTACGGTGATTGATTATTTTATCGTGGTAATTTTCTAGTAAGATATCGTATTTATTCCAAAGATTGTTTGAACAACTTTGTTTGTGGCAAGAAGTAACTCGGGCTTTTTATTTTTGTAG,2,82,estExt_Genewise1.C_390089,39,PP,+
4,654882,655017,1833,136,GTAAATGCAACCATTTTGTTCTAAAATTATAACGTCAGTTATTTCTTTTCCTTTTATGTCATTTTGTAGCATTCAAAATTTCACATCACCATTCTTTTATCAATGAAGGCGTATCAATTATGTCTATCTCACGCAG,2,100,estExt_Genewise1.C_390089,39,PP,+
5,655067,655251,2018,185,GTATGGTGTTGGATTGCTTCGTAAGGCTTTTTGGTTTTAAATTTGTTTGAATTTTCAAAAACAATTCCCTCCCCTTTTTCCTCCTCTTTCCTTATATATATATATATATATATATATATATATATATTATTTATGTTTGAAGTGTTTTGATTAGCATGAATGTAAATATATGTGGTGTGCTTCAG,0,117,estExt_Genewise1.C_390089,39,PP,+
6,655366,655502,2317,137,GTATGTTGTTTAGTCTCTACTCAAATCAACAGTTGAATCTCATTCTCTTGCTTTCTGTTTGTGGTGACGTTTCGTCCTGAACATTGTCCTAAATTGGACCTTTCGGTTTTCAACTTTGATGTATTTTTCTTGATCAG,0,155,estExt_Genewise1.C_390089,39,PP,+
7,655554,656066,2505,513,GTGAAATGCGCGCGTTTCTAATTACTATTATTTCTGTTGTTTATCTAACGAAATTCTGAAGTATGATCTTTTCTCAGAAAATTTGGTTCATTTACTTCGTATCTTAAATCAGAAGTTTCTACTTTCTTTGGCTGTAGGGATAATCCAACTTATGGATTTTAATGCATGGGTTAGGTGATAACCCCTTGTTGGTCCAACTTGTTATCATACGCACCATACAATTTAAAGTTTTTTATGACTACAATTAAATTTTATGTTTCTTATGTTAAGTCACAACCTCAATTAGTCATTTTTCTATGTTACATACGCACCAGTCCCAGGTTACAATAGAAGGAACTAGAATGTTAGGATCATGAGAGGACATCCAATATATGGATTATGTAACTTTTTTGACATTTAATCAAGATTATATCATAGAAACCATTATTTCATGCCTTAGTGGGTCAAATGCTTGACTATCTTTGGGATCTGTATCCTGTTCTGAAAGTTCTATGGTTTTAATGACAATCGTAG,0,172,estExt_Genewise1.C_390089,39,PP,+
8,656187,656384,3138,198,GTAATCTGGCTGATATAATTTGTTTCTATTTTCATCAGGATTTTTAACAACCTTCGTTTATAATTTTGTAGAATGGAGAGTTCACATGTGTTCATGTTACTTCAGCTCGATAGCTCATGCATGATTGGAGCACTTAATGTGTTCGAGGCAGAAATGCATCAACAATCTGTTGATAAACTGTGCCTTATGTCGTTTCAG,0,212,estExt_Genewise1.C_390089,39,PP,+
9,656470,656756,3421,287,GTTAGTGTGATTCTGCATTTCTGTTCATTGTGTGCAACAAGCGCATGAACTTTGTCTAACACGTATTATTTATTTTTATTCTCCCACCATTCTTGTGGACCCTGAATAGTTCACACGCTCATACGGCTAGACATGACATCAATTCACATGTTCTATTATGTTTTTTAGCTTATAATAGACCAACTATGCCCTCAACGAAGTTAATTGATTCCCTGCATTGATTCTTAATTCAGCTTTACACCGTTCTGCTTTTCCTCTTGGTTTCAGACTGCGTTTGGTCGTGGCAG,1,240,estExt_Genewise1.C_390089,39,PP,+
10,656839,656960,3790,122,GTTTGTTCCACGAATTCGGAAAAAAACGGGTTCAAGTCGGTGATTTACTATGAGCTTCATTTGCCCTGTTTCTCGTGGTTGTCTTCGGGAACGGTCATTTTATTGATTGCATCTCATGCTAG,2,267,estExt_Genewise1.C_390089,39,PP,+
11,657076,657234,4027,159,GTTCTTCTCGTGCTCATCCTATGCTCCTCTTTTTCAACTTTTGAAAATTACTCTTCATGTTCTTGCAGCAATATCTCCAAGTCATGCATACAATTCAAGGTTTACCAGTTGGTAAGAATCTTAAGTATCTGACATCTTTTGGTCTGCATACTTATGTAG,0,306,estExt_Genewise1.C_390089,39,PP,+
12,657292,657389,4243,98,GTGAGTGTACTCATATTCATTACTGACGTACGCCATTTAAACGTGAGTGGTTGCCACCTTGACGAGCCTTGTGAAAATGACATCTTCCTTCTGTGCAG,0,325,estExt_Genewise1.C_390089,39,PP,+
13,657437,657767,4388,331,GTGTGCCACCAATTCCGTTTCAGTAGTAGAGCGGTGTTAGCAAGTTAATCCTCCAAATTTTCGGTTGAAGGAAAATAAATTTTAACATCTTACTCTTTACTATGCTTAAATTGTCTAGAATATGGATTATAGTTTGATCGTGTCAGGGTCTCAGCGAAACCAGTGGTCAAAATATACTACGTCTCGCTAGAATGTGGCAATCAGTTTAGACAGTCCATATTTCTCTCTCTCTCGTTATCTATATATATATATACATATATATGTGTGTGTGTGTGTATGTGCGTGTACGTTCATGAGCCCGTCCGTTGATTGTTGTTTTTACTTTGCGCAG,2,340,estExt_Genewise1.C_390089,39,PP,+
14,657817,658108,4768,292,GTGGGTTTGGCTTTCTTTTAGTATTGCTGGTTGTGGACCGCTGTCCGTGTCTCTATAATAGACGTGTAGTCTTCCTTACCGCACGCGAAAAAACTACATGAAATTGTGTTTGGATCCCAAAATTTTAAGGTTCCTTAGATTTTCGATATGATAATATATCACGTGCAATCATCTGAAGTGAACGTGGCAACAGATAGGTTTTGTGTTAATAAATGTCTTCAAACTGTTTGACGAGCTGCAGAATATATTAATTGTATTCCAGTTCTTACCATTGTGTTTGGAACTCTTGCAG,0,357,estExt_Genewise1.C_390089,39,PP,+
0,56105517,56105634,96,118,GTGAGTGCGGGGGGGGATCCGTCCTCCCTCTACCTTACTTTGGATTTCGGGGTTGGTGCCGTATGGTGGCGAATCGGTTGACGGTTTCTGCCTCGGCTCGCGCCTTCGGCGTGTGTAG,0,4,Sb09g026950.1,9,SB,-
1,56104658,56105399,331,742,GTGTGTTCCGCTCCAACACTAGTCCTCATTACTTTGCCTCGCCGTCCTGTGCTTAAGATGGGCCTGGCTGTTGTATTGCTTGTTTTTGTGGCCAGGATTGTGCATTTCCCCCCTATGTTGTTGTTTTCTGTTTGTGCTCATTACAGGAGTTGCTTCAAACTGTTGCTCTTCAAACTGAACCGGGTCTAGGGTTCAGCATGGTTAAACCTTCGAACGTTGTTTTTCTTTTTTTTTTTTGGGGGGGGGGGGGGGGGAGGGGGGTGGCGGGTACGATGAGGAATCTACATCCTCGTTCTTTTCCTTAATGTCCGAATGAACTGGCAGAGTTATAATGGTAGGAGCTTTGCCTTTCAATTAAGACAGGAAAGAACTTTTACATTATACCGATAGAGGATGTAGCCTAAAAAAAAGGCCTGAACACTCAAGGCACTCTAGGAGCAACCTATTGCCACCGCCGCACCATGGGCCGCACAAACATGAAAACTAGAAATTAATTAGGATACAAATCCAAAAGGCCTCTTATGGTCAATGTCACCCTTCACCCTCCAGACCACTTGCATTGATTTTAATTCAACTGGGTTGACCTTCAATATTGGCTTGCTTGGTTTGTTCAAGTAAAATAAAAGATGAAAGCAAATTGTATTAGTTGCATGTATTTTGTGCGTCTTGAGATGCTACTACTGTGCTAGTTACCTACTGCCATGAAAGAGTTCGAATGTGTTTCTTATAGTTTCTTGAACAG,0,43,Sb09g026950.1,9,SB,-
2,56104497,56104598,1132,102,GTACAGATAATATATCCTCTCCAGCATGTTTAATACCTGAAGCTGCATTCACTATATTCCTGGTGCTGGTTTTTTTTTTCCTAATTATTATTTGTTTGGCAG,2,62,Sb09g026950.1,9,SB,-
3,56104339,56104436,1294,98,GTAAACATGACTTCCTTTCATTTATTGCCACTGTAAGATATAAATACGTGTAAACAAATATATTGCCTTCTAAATGGTTTGCTTCATTATTTGGGCAG,2,82,Sb09g026950.1,9,SB,-
4,56104173,56104284,1446,112,GCATGATATATTTGAATATTTCTTTCATCCTTCGATTATTCTTATGTTATTTGACACAATTATGTAATATCTGTAGTCTTCTCTTATTGTTAGAGTGTACTATTATTTTCAG,2,100,Sb09g026950.1,9,SB,-
5,56104046,56104123,1607,78,GTAATTATCTTGCTCCAAGTTTGCTCACTTTTTTTGTATCATAATTATTTATCAATTCTTCTATTTCTGATGTTTCAG,0,117,Sb09g026950.1,9,SB,-
6,56103791,56103997,1733,207,GTAATTTCTTCATTTTCCAGTCTATAGCTTATGGTTTACTTGAAGATTTCATGAGTATCCCAACAGCAAAAATTGAGGTGATTTACAATGTTTCTGAAGCCCCATTAGTTTCATGCACAGCATAAATGTCAAAAAAATATAAGTAGGATGCAGGATTTATTGTTCTGAGTAAGTAGGCTTCATCTTGTTTACCCCTTTTATGAACAG,0,133,Sb09g026950.1,9,SB,-
7,56103603,56103724,2006,122,GTGAATTCAGTTTACCTTGGTATTATGCTGCTAACTTTTTTTCCTGCTAGCATAAGGGCTATGACCTATCTTGTCTTGTGTCAGTAGTGCTAATTCATGGATTTGTCTTGTTGGACAAATAG,0,155,Sb09g026950.1,9,SB,-
8,56103472,56103551,2179,80,GTACCCTTAATGAAGACCTTTGCCTTCTTGTTTCCACTCCTTCATTCCATTTTTTTTCTTATATGCTATCTATTTTGTAG,0,172,Sb09g026950.1,9,SB,-
9,56103282,56103351,2379,70,GTGTGCATTTTTGTAATGTGCTCATAATTACCTTGATGTTGCATATATGTCATCAATTCTTCTGTCGCAG,0,212,Sb09g026950.1,9,SB,-
10,56103087,56103196,2534,110,GTACTCTAATCAATTCTATATCATATTATACGCCACAATTGTCTGTGTTTCTAAAATGCTTTACCTCATGCCTCTATTTTTCTAACTCGGTATCTTTGCTTGTTCGTTAG,1,240,Sb09g026950.1,9,SB,-
11,56102798,56103004,2726,207,GTTAGTCCAGTTAAAATAGTCTGAGATTTGTCTGTTCACCTAGGAGCAGTCTATTTTCCATCATGGTCCTATACTTTACATTATCAACCAATGATGTTTTATTTTCTTTTATTAATTGGCATTCCTTTTGTTATATGGTTTAGTGGTGAAATGAAAGGAAACTGTTTGCTGTTTGATTCTGCCTAATTTTGTACATGTGTGCTACAG,2,267,Sb09g026950.1,9,SB,-
12,56102605,56102688,3042,84,GTACATGCACCGACCTTGCTTGCTTACCTTCAAACTCTATTCATACATCCTGAATGTAACTCATTGTTCTTGGCCTCTTTCTAG,0,304,Sb09g026950.1,9,SB,-
13,56102466,56102547,3183,82,GTATGTACCTTTCTTTTGGTTCTCACTGTTTAATTCTCCAATCGTCTCTTCTCATCTGTGATTCTCATGTTCTTTTGTGCAG,0,323,Sb09g026950.1,9,SB,-
14,56102307,56102418,3312,112,GTGAGTATCTCTTGGCATCTAATACAAACTACAAAGTGCATGTGAGTATATTTGTCTGTTTAAATTAAACTTACTGTCCTAAAACTATTGATTCTTGACATCATGTGACCAG,2,338,Sb09g026950.1,9,SB,-
15,56102002,56102251,3479,250,GTACTTCCAAAAAGAAATGCCAGCCCATGTTTCATGCTTATCTATGATTCTTACTTTCTTAGCCATCTTCGTAGTCAATTTATGCAGGCCAGGTAGCAATTAGTCAATTGAAACTGTATCTTGCAAGCCTGTCGTCAAGACTCATGGCAGTTTATTTTCATTTAAAATCATATGCTACCATAACTGCACTATAGGATGGTTCTTCCTTGGTTTTTAGCTAATGATGAATCGTTTCGCCACAAAAATGCAG,0,357,Sb09g026950.1,9,SB,-
0,97011,97179,63,169,GTGAGGAGATCTAGTCTGCGTTGCTCGCTTTTTGTTGCGATTCCGTGGCTTTTTGTTTCACCTCGCCTTCTTTTTACCCTTCCTCCAGGTTGATTTTTTAAGTGAGTTAGGCATGTAAGGATGGAGTCGTATGATACAGAGTTTTTTTAATGTAGAATTCTGTTTACAG,0,4,estExt_gwp_gw1.C_4560015,456,PP,+
1,97297,97493,349,197,GTAAGTTTTATGAAGTCTTTATTGAATGGCGCAATCCCTCTTACAGCTTCTAATTGCATAAGCGTAATAATTGCCCGGATTGGTCGCAGGTTGTGTTTTCAAACGATTCGCGTTCCGTCTATCGTGTATCGTGTCCCTCTTCCTTCGTAATGATTTATTGCAAAGTACTACATTGATTTGATGCTGTTCTTCTGCAG,0,43,estExt_gwp_gw1.C_4560015,456,PP,+
2,97553,97809,605,257,GTGGAATGTGGAGCTGATTTTAGTCTTTCTTTCTGAGTAGATAATAAACTACTCGTGACTGAATTGACATCTGTATAGAGATTCTATCCTTGCATCGTTTCGCCTTTCATGCGATGGAACCCATTTCTGCTTGAGCCGTGAATGCGTATTTTTAGCGAATCTAATTGCAGAATTTAGCCTGAGTTTCGATAGATTGTTTGAATAACGCGCATGGCAGAAACATAACCTTCGTTCTTGTCCGTTGTGCTTCTCTGCAG,2,62,estExt_gwp_gw1.C_4560015,456,PP,+
3,97870,98015,922,146,GTACGTGCTGTTCTGCAAGCATGCCTCGTCCTGCTCTGCGGCGCCTGTATATCGCATTGTCGTCCGTTCCTTGTCTACAATGTTTAATTCCGAAGGTTGATAGTCTGTATGTGGAGTGGCAACTCACTGTATCTAACTGTTTGCAG,2,82,estExt_gwp_gw1.C_4560015,456,PP,+
4,98070,98211,1122,142,GTAAATGTTTGCATTTGGTTCTTAAAATTTATTCAGTTATCATGATTATTATCTGTAGTTCAGTTGATTTGGTGTAAAATTGTTCTTGTGTGACATGCTTGTTGAAGAAGGCTTGTTGAATATGTTTCTTCTCGAGTTACAG,2,100,estExt_gwp_gw1.C_4560015,456,PP,+
5,98261,98447,1313,187,GTATCGCGTCTGAACATCACTTGATCTTTGTTTTCTTTTTTCTTTTTCTATTATTGGTGTTGAGTTATTACGTGAAGCAAACCTTTTTCTTTTTCTCTCAATTCATATATTAATTAACTTTACCTTGATGCTTGAATTGCTGACATGAGATGCCTAAATGAAGGAATATGCATGTTGAATGCCCCAG,0,117,estExt_gwp_gw1.C_4560015,456,PP,+
6,98496,98665,1548,170,GTACGTTGTTCCTGTAATCCAAAGATCTGTTCAATTTCTTTAGGTTGCAATCATGTCTTTGATAACTTTAATTTCCTCTCAATCACACAAATTGGTGTGATTGTTCATCTTTTGTACATAGTGAGCCAAGATGAGGTGAAGGTGGTAGTGACATGATTACTATTGAACAG,0,133,estExt_gwp_gw1.C_4560015,456,PP,+
7,98732,98834,1784,103,GTACGAGTTACAAGTTAGGGTTGAGGTTCAGAATGTCTGTTTTAATTTCAGGGCAACGGTTTACTTCTTAGCTTTCAACTTAAGTCCGGTTTGTTCTGTTCAG,0,155,estExt_gwp_gw1.C_4560015,456,PP,+
8,98886,99283,1938,398,GTAAATCGCCCTCTCATCCTTATACCAGTATGCCAATCATGTATCTCGTGAAGTGTTATAGCTCACTTTTCTTCAGAAATTATGCTACTTTTTTGAGGAACTTAAAATGTTCGATGCAGCTTCAACTTGCCACAACATCCTCCACAACTCAACATGTTGGGTGGGTTGATGATTAAGCCAAATACAACAGATCGACATGCATCATATTTCAAAATATTTGAACGACGTTTCATCTCATAGCTATATACTTATTGCACAGCAGTATTATGACTGACTTTTGTATTAGTTAATCTGTTTCGTATTCACTTAAGCAGCAAGCCATCTCTTTTGCCGTTCGATGTACCACCTACATGTCTTTCTAAATGTTGGTACTTTTGAATGTCATTTTGTTATTTTAG,0,172,estExt_gwp_gw1.C_4560015,456,PP,+
9,99404,99606,2456,203,GTACTTGTCTGTTTGACAATGATCTTAAGCGTGCTGTAACCATGGGTTACATCTTCGTGCTATAGGATAGAATGGCTGGATGTTTGGTCACTGCTTGAGCTGCGACAACTCATTTCAAACTAAAGTACTCAATGCTTATGTAACACATACGTGCGGAAAACGTATCAAAATTCCCTGGGTAATCTGTATTTCCTGGCTTTCAG,0,212,estExt_gwp_gw1.C_4560015,456,PP,+
10,99692,99832,2744,141,GTAACCGATTGAACCTTAGTGTCTGCTCCTACTACGTTAATTTTTCTGACTACCATTTTTATTGATAGAATGAAATGATAACGAGTGAGTACTTATATCGTGCTTTGCCTCATCTTTGCTCTTCGTAATCGAACTTGACAG,1,240,estExt_gwp_gw1.C_4560015,456,PP,+
11,99915,100033,2967,119,GTACTTTCATCGCATTCCGATGCTTTCTTCCTTACATTAGTGAAATTTCAAGAGTAGGATCTTTCCTGTCTCCTATTCCCTTCCCGAATGTTTTATTTATTGATGTCATTCAATGACAG,2,267,estExt_gwp_gw1.C_4560015,456,PP,+
12,100149,100307,3201,159,GTTGTTCTTTGCAATTTCATATGATATACTCCTTTATCTGCTACTACCTTCTATGTTCTAGGCGAAATTGAGCCAAGTATGCTTCCGTTTTTTTTGGGCTTTTCGTATAAGCTTTAATCTTCATAAAGCTGACATCTTTAGGCTTCAATGTTTTGGTAG,0,306,estExt_gwp_gw1.C_4560015,456,PP,+
13,100365,100446,3417,82,GTAAGCCTGTTTCAAACACTCCCAGAATTTGAGTGAAAACATTATTCACCTGAACATGACTTACGTTTTCTGGTTTATGCAG,0,325,estExt_gwp_gw1.C_4560015,456,PP,+
0,26750702,26750836,95,135,GTGAGCGCGGGAGGGGGGGGGGGTGCCGCGCCGTCCTCGTTCGGATTTGTGACCGGTGGTGTGGGTTGTAGCTGTTTTTGCGGCCGATTCGTGATGGGTTTTCGTCTCGATTTTGTGCGGGTTTTTTTTTGTTAG,0,4,LOC_Os05g46270.1,5,OS,-
1,26750156,26750584,347,429,GTATGCCCCCATGTCTCCTCTCACATTCTGCGAGTTGGCTTTGAAATGTGCTCACTTACTTGGGGTTTAGGGTTTCTTAAGCCTTTGATTGCGCGAGAGAGATTGTATTTTTTTCTATTTAACTGCCCAGTGTTGTAAGGATTCCTCATTTCAAATTGCTCTCTTAGACCAAATCGGGTTGGGTGAAATTGGGATACCTCCATTGTGCCTCATATTTTCTTCTTTGGTCGGCTATATTTATTAACATTAAACTAAACACCTCTAGCATTGGATGTTTTGCTTTAAAAATGGGAGTAGAGCATAGCAATTCCATATTACATTCACTATATGTTCTGTGTGCAAATGCTTGACAAGTTTTGGTGAGGTATTAGGAAATCCTTACCCACTGCTTTATAAGTTGGGACAGCTTTTTATGTTTTACTTGTATAG,0,43,LOC_Os05g46270.1,5,OS,-
2,26750016,26750096,835,81,GTTCTAAATATTAATCTTACACCGTTTCTAGTGCTAGGATTCTGTTAATTCTTTTATAAATTAGAACTTTTTGCTGTGCAG,2,62,LOC_Os05g46270.1,5,OS,-
3,26749881,26749955,976,75,GTAAACCCAAATTCCTCATGTGTTGTTATTGAAATTATCCATATAAATACACTTAAAATTGTGACACTCATGCAG,2,82,LOC_Os05g46270.1,5,OS,-
4,26749718,26749826,1105,109,GCATGATATGTTTCTTTCATCCTTAGATTGTTTTTCCTGCTGCTACTTATAACTTGTCCTATATCCCATTTTGGGCTATGATCTGTTTCTAACATGGCATGTTCTGCAG,2,100,LOC_Os05g46270.1,5,OS,-
5,26749563,26749668,1263,106,GTGAGCTAACAGTTTGTTGTGCTATTTACAATGTTCTATTATGTTCTGTCCTGTGCTTGTTCTCCTTCCTTCCTTGATCCCCAGAGAAATGACTTTTAATGTGCAG,0,117,LOC_Os05g46270.1,5,OS,-
6,26749322,26749514,1417,193,GTGAGAAGGGGGGTTGATCTTACACACTAAAAGAAATGTAAAAAAAAAATCTATGATGTTTGAGGGACAACAGATTCATTCGCTGAGAAAAATATCAATGAAAACAGTTGGTTTGAATAACATGATATGGAAGATGCAAAAAAGGTAAGTATGAGAGTAACCTTATCTTTGCATCTTCTTTTTCCTTGAGCAG,0,133,LOC_Os05g46270.1,5,OS,-
7,26749092,26749255,1676,164,GTAAATCCAATTTTCTTTGGTGCCACATGCTTTTTCAGGGAATGAGTCAATATATAATCGTTGGATTTGTTTATTTTACTATGCTAGCATAAAATCTATGATTTATCATGTATTTGCCATGCTCTCAATCTCATCCAAAGACATCTTCTTTCCGGTACCAATAG,0,155,LOC_Os05g46270.1,5,OS,-
8,26748961,26749040,1891,80,GTAATGTTAACATAGTGGACTTCTGCCTTCTTGTTTCCATCTCTTGCTTCCATTTTTATTAATTACTGTTTTTTTTATAG,0,172,LOC_Os05g46270.1,5,OS,-
9,26748770,26748840,2091,71,GTATGCAGCACTGTGATTTGCTTGGTACAGACACTGATGTTGTACACACTTGACCAATTTTCATATTGCAG,0,212,LOC_Os05g46270.1,5,OS,-
10,26748572,26748684,2247,113,GTATTTTTGCTTTCCCTCTTCTCATGAGTAGTATTCCTATAAATTCTTGCTTGCTTGAATTTCTGTCCATGCAAACTTTTTTTCCTAACCAACTATGTGTGCTTGTCCGCTAG,1,240,LOC_Os05g46270.1,5,OS,-
11,26748262,26748489,2442,228,GTTAATCTTTTGAACTATTTGAATATTTCCCACTTGACTGAGAACTCAACTGAGACATGTATATCAGCTGTGTGGCAAAGGCAGCCCAAAATTTTCTATATGTGCCACTTTATTTCATTTCTTGGTCGCATTATCTTACTTAGATGTAATGATGTATTGTAATGTGATGAAGACCATTTCCTATGCTAATTTGTGCTAAATTTTGATCATATCTATCGCCTACTGCAG,2,267,LOC_Os05g46270.1,5,OS,-
12,26748076,26748152,2779,77,GTATGCCTGTCACCTTTTTTTCCTTGCCTTCAAATTTTACAAGTGATGTCGTCCCAATACTTTAATTCTTTCTCCAG,0,304,LOC_Os05g46270.1,5,OS,-
13,26747940,26748018,2913,79,GCATGCACTTTTCTTCTGACTTACTATGTTATATTCTTGAAATATTTTTATCAGCAATTTGTTTCTCCGGTTTATGTAG,0,323,LOC_Os05g46270.1,5,OS,-
14,26747789,26747873,3058,85,GTACATTTTTATACTTTGGTTCTAAGAGTGTTGCATGCCTATATCATTTGTTAAACCATACCAACTCTTGAATTAATGTGACCAG,,3utr,LOC_Os05g46270.1,5,OS,-
15,26747239,26747733,3198,495,GTACCTTAACCTGAATGCCATCAATCTTGTCGTGCTTAAATTTAGAACTTTTAGCCTTCTCCAGGTTCATCCATTGTAGCATGATATACAACCAATTCATGTCATTGAATTGCGTACTTTATCTGTCCATTCAACTAACAATGTTGAATCACGTGGTTTGATGTTTTGATTGTCCAATGTACCTGCCAAATAACAGATCACAGATGAATGATAAAAATATGTCCATTAGACCAGTACTCAACAATATATTTGCAAGCAGCCAGAAGTAGGCAGATACAATAGCCAAAGCTGAATCTTGTAAGCCATGCTAAAATCCTTCTACTATGAGAAGGTTATAGCCTTGTTTGGCATGATTTTCTCGCAGATCTTGTACTGTTCCATGTAAAACTGCAACCATAGTGCTATACTATATGTAGGCTTGCAAATGTTGTGGCCATAATTATATTTTTGTAGCAATATTATGTCTCATGATTTGTTTCTATGATATAATGGCAG,,3utr,LOC_Os05g46270.1,5,OS,-
0,16481017,16481101,61,85,GTCTTCATTTTTCATCCCTCTATTTTTCTCTCAATTTCATCATTGTTTTTTATTTTGTATTATATTATTGTTGATTAATTTTTAG,0,4,AC148406_28,1,MT,+
1,16481219,16481307,263,89,GTAAGTATATCATGGTTTCGATTTACTCTGGGTTAAGTTATATTAATGTTGATTATGTGTGAAATTAATTGATTTTGATTTTGATGTAG,0,43,AC148406_28,1,MT,+
2,16481367,16481749,411,383,GTAAGTAGTAATTAAATCTCTTAGTGTGAGATAAGCTTAGGCCCTGTTTGGATAATCAGTTTATTTGCAGATTATAACATAAGCACTTATGTGTAATCTATTTCCATAGCAAAAGATAAAATAGTTAAGTTGTTTTTATATAAGCCATAAGGTGTTTTCATAAGCTATCTTGAAGAACTAAAAGCTGAAAACAACTTATGAACAGGTCATAAGCTGTTTTCATAAGTTCTCCCAAACAGTCTCACAAAACTTATGTCAGTTGATAAACTCAAATAAGCTTATCCAAGCAGGCCCTTAATTGTGTTTAGTTGTTTTTGTTTAATTTTGATGTAAGGGTGATTATTGTGTTAGTTAGTTAATTGATTTTGAATTGAATTTTATAG,2,62,AC148406_28,1,MT,+
3,16481810,16481913,854,104,GTAATTCTTTTTTTTTTTTCTTTTTTTCATTGAATTAAACCATATGAGAATAAGTCATTTTGAAAACTGTGCCCTTGCTGATTTTTACCAATGCTCGTATCCAG,2,82,AC148406_28,1,MT,+
4,16481968,16482066,1012,99,GTATTTTTGCGTGGATTTGATGTTATTTCTTGAGAGTTCTATTTATAGATTCTTATCAGTGTTCCTAATTAATGCATTTCTTTCTAAAACTTTTTACAG,2,100,AC148406_28,1,MT,+
5,16482116,16482218,1160,103,GTATATGCATAGTTTGTTGGCAACTTCTCTCTGGTTTTGTTGTTACATTTCATTGTATTAAATATAATATTCATCCCTCGGCTGATCTTTGTTGTCATTTCAG,0,117,AC148406_28,1,MT,+
6,16482267,16482384,1311,118,GTATGTGTCTTCGTTTACTAGACATTTTATTTGAAAAGCTTTCAATTTTTAATATTATAGTGGATTGAAACAAGGTTTTGGTGCATGCTGTTGAGAATATATCTCTATACTCTTGTAG,0,133,AC148406_28,1,MT,+
7,16482451,16482527,1495,77,GTGACATTGCACTACTAAAATGAAATAATTTATCGTACAATGTGTTCACCATTTGGCTAAGGCTTCAAATTCTGCAG,0,155,AC148406_28,1,MT,+
8,16482600,16483762,1644,1163,GTCACCTTCTTGAAAACTAAAATGATAAGATTATTACGAAATACTAATCCTTTTCATACAGACCGTGGAAATGAAAAATAAATAAATTAAAAATGTTACTTTATATTTCTTCCACTCTTTGCAAAACTGGAAAGGCAGGTTCAAATATGCTGTGTCCACCTTCTTGAAAACTAAAATGATAAGATTATTACTAAATAGAAATCCTTTTCAAACACACTTCATGGAGATGAAAAGAAAAATAAAGAGCAAATTACACTCACCTCCCTTTAGGTTTTCTTAAATAGCACTAACATCCCCTCTAGTTTTTAATTAAACACTTACCTCCCTTAATTTTTATTCAAAGCGACAAACACCTCCATTGTTATGTAACATTGTTAGTGCTCTGTTAGTTAACTCCTCCATTTTCCCGCGCCTCACACTCCATGAGATATTTTCTCTGGTTGATTCCATGCTAGACCGTTGCATATTAATTTTAGTTAACACCTGGGACAAGCTTGGACTTGGAGAGCTTAAAGCTCTAAGCAATGACGAATTACTGTGACCGGTGGTACGGTGTCGTATGAACAAATGAAGGAAATAGCTTTTCACTTGAAGATAGAGATTCGTTTAGGTGGTGCATGCAAATGAATTTGATGAGATACGAAAAGTAGGTTTGCGAAGAGGATTAAAAATGTGGGTCTGTTTTGAAACATCCTTTTTTCTTTTTCTTTTTGACAATTGGAACCATTCTTCCTATTACCTTCTATTGGTGGTTTTCATTCGCAATGTGGGTGGGGTTATGTGCTTGAGAGTATAACGAACGCTGCGTTAAATCAAATGGTAGGGAGTATGCTAGCTAACAGAGCACTCACGCTGTTACATGATAGGGGAGGTGATTGTCACTTTGAATAAAAGTTATAGGAAGTTAGTGTTTAGTTAAAAAGTAGAGGGGTTGTTAGTGCTATTTAAGAAGACCTTAAGGGAGGTGAGTGTAATTTGCCCAAAATTAAACGTTACATTACCACTTCTTATGAAACTATTTAAATTTCAAATATGTTCCTCCTTTAATATTTTTTGCATTTGATAAATATAACTTTTGCTATGCCTTCATATCAAATTAATACAAGTTTCTTTAATATAAAGTTAATTCAGAGTTTATATTAAACATTTTATATATTATACAG,0,179,AC148406_28,1,MT,+
9,16483883,16483963,2927,81,GTCCGTTGTCCTTGACTGCTTTCAAAATGTATGGGTTTCTCACTGTATGAGCTACTTATTTCAATATATCTCATGTTTCAG,0,219,AC148406_28,1,MT,+
10,16484049,16484166,3093,118,GTATTTTTTGTCCCGCTTTTATTCAACTGGTGCTAGGATCAAGCTCAATTTTATGATTGCGATATGATTGCTACTTGTACATGTGCATAATATGAATAATAATCAATGTGTGCCACAG,1,247,AC148406_28,1,MT,+
11,16484249,16484493,3293,245,GTTTTCTTTTTTTCCCATTTTGAAATTCTTTGTTTTCAAGTGCATGCAATAGAGGTTTTTACTTGTTTCTCTGTCATGTTTGCACTGCATTACGAATCAGATATCTGGCCTGTATATTTGGATCTTGAATGATGAGTCCACTTATATGGCACATTTTATAAAGTGCTTTTGTAATAATTCATACCACAGTCAAATTTTATTAATATATCAATTATGTTGATCTTTCAAGTTTACCACTAATTCAG,2,274,AC148406_28,1,MT,+
12,16484609,16484700,3653,92,GTAATAACTATTTTGTTTGATAACTTTAAATATTCTATCTATGCATCAATTCTTTGGCAAGATAACCAGGTTGCATGTTGTCTTTCTTACAG,0,313,AC148406_28,1,MT,+
13,16484758,16484848,3802,91,GTATGTAGCTAAACATGCGTTGAGTTGAGTTTCAGTGGGTCTTCGTTGCTTCTTAAGAAACATTTTGTTATGATTTTTTTTTCAATGTTAG,0,332,AC148406_28,1,MT,+
14,16484896,16484977,3940,82,GTAAGTGATCAACTTATTGGACATCAGTGTAGACCTTTTCTATTGTCTTGTCACACTAACTTTTTTTTTCTGGAAATACCAG,2,347,AC148406_28,1,MT,+
15,16485033,16485707,4077,675,GTATGTACTCTATCACCTCCACTATTTGTTGACATTCAAAATTGTTGTTAAAGGCCTGGCAATTTCTCCACCAGAACATTTATGGTCAGACTTTTGGACTGCTGTGATTTAGTTTTTCCTTCTTCTTTTGGGTACCTATTTGTCTTCCTGAAACTAGATCAGGGATTATTGTTTCCTTGCATAGTTTTCATAATGTTTCCTCGCTTAATTTTCATCCTCTTATGATGTCGTATCGACGACGAAAAACTCTTCCATTCCATGATAAGTCGTATTAAATTGTGTGAAAAAACTGATAGAGTATACATTTTAAAGTCCGAGATATGGATATACATTATTCATGCATTTTATATGGGGTATTTTTTTTTGGATTTCTTATCAAAATGTTAAGACAAACATTGTTGGGTACAGAGAATAAACAATTGAAAACACTGATTTGTGTGGCAACTGGCAAACAATGCCTTTATCCTATCATATCATTTGTTCACTAACTGGATTTGGAACTATTCACTTTAGTCCCCCCCCTTTGTGATCCTTTATTTTATTAAATATTAATAATAGGGTAACTTTCCTTCCACATCTGAGAAAAATTGAAGTACCAGAAACAGGAATTTTTACCAAATGTACCAGAAATATTAAGCTGATATTTTAGCATAATTTTGCTACACTTAATGACAG,0,366,AC148406_28,1,MT,+
0,154980,155154,117,175,GTCCGTCTCTCCTTCACTCTTTACTAATTATCAATATCTTTTGTTTTATTTTTAGGTTTGGGGTTGCTTTTTTTTAATTTAAAATGTAGAAGAAGAAATGAAGATTTTTTATTTTTATTTTTTTGAGTAATTTAAAATACAAAGTAAAGTCTCTGTGCATTGAATTGAATTGCAG,0,26,gw1.XIII.413.1,13,PT,-
1,154805,154920,351,116,GTTGGATGGAGCCTAACGATGCCTTTCCTACATCCTTTCTTTCTTTTTTTTGTTTGTTTTAACATATATTTAAAACGGGTTTAATTATATTTGATTTTTGGTGTTTCATTTTGTAG,2,45,gw1.XIII.413.1,13,PT,-
2,154626,154744,527,119,GTAATCTCGCACCACCTCCTCCTCCTCCTCCTCTCTCTGTTTCTCTACTTGTAGCTTCTTTTTTTCTTGAATTTATTGTGTTTTGTTTTCCTTACTGAAATTGTTAATCTATATTTCAG,2,65,gw1.XIII.413.1,13,PT,-
3,154450,154571,700,122,GTACTTCTTTTACTTTTTTTTTTTAATATGTACTTATGCCCCAAATTTACATTGCCTTGCATAACCTTTTCCTTTCTTGCTTCACCATTAATCATTATTCTCACATCACACATGCAATGCAG,2,83,gw1.XIII.413.1,13,PT,-
4,154284,154400,871,117,GTACCTAAATGTTCATATCTTTCTTGAATATTCCACTTATACTTTTCATTACTTTTCAGCTCACTCGATGTTTTTTTCAGATTAAGTATTCTGTAAGATCTTGTTTTTTCATTTCAG,0,100,gw1.XIII.413.1,13,PT,-
5,154090,154235,1036,146,GTCTGTTTTTTGCTTTGTTTGATCTCTTTTGTTTGCTATTACTTTACATTATCCCATCATGGTAACATCGGTTTGCTGTAAAGATTTTTACTTATGTTGGACAATAACTTTTGATGGCGACATCTTTTTTTCATCTGTTTTTACAG,0,116,gw1.XIII.413.1,13,PT,-
6,153865,154023,1248,159,GTGATATTGTGTTCCGTATAGTTTTTTCCTAGTGGATTTGTTCAGTGCAAGGCTTTTTTTTTTCACTTATAAATGCAAAGTTTTGTTTGTCTATGCAACTTGCGATCATCAATGACATCATAAAAGACTGATACTTGGGAAATATTTTTTGTTCTATAG,0,138,gw1.XIII.413.1,13,PT,-
7,153478,153809,1462,332,GTATCTTGCTTCTCCATGATAATTTGACTATTTTGGGTTCTTTAGCATGTCCATAACATTGTGAATGGCATTTGAAGTGTGTCCATTTCATTTCCAATTCACTTGTTTGGGTTATCTTGTCTTAAAGACACACTGTTTGCTTGCTTGCCTGAAATTTCTCACCTCAGTTTGTCTCAATGGGCCCTGATTTCCATGGTGGCTTTACCATGGCAGTCTTCACACCTTTAGTTATGTAAGGAAAAAATTGTAGAATCATACCTTTCTCTAAGGTTTTCCCATTTCTCCTTATGGAATGGTTTTTGATGATTCATGCAATGTCCCATATGTTTCAG,1,156,gw1.XIII.413.1,13,PT,-
8,153284,153357,1914,74,GTCCCGTGAAAACATGAACACTGTTGCAATTGCTTGATGTTCAATTCACTGTTCTGATAATGGGTTTCTTTCAG,,3utr,gw1.XIII.413.1,13,PT,-
9,153055,153198,2073,144,GTGCTGAGGATTCTTGTTTCTTGGTTCAACTGTTTATTCTTAACTCTTCTAATAAAAAATTTGACTATTCAAGCTTGTATTGGTTCAGCTTGAAAATGTGATGGTGCATTCAGTAACTAATGCTCTCGGAAATCTATGCCACAG,,3utr,gw1.XIII.413.1,13,PT,-
10,152404,152972,2299,569,GTGATTATCTAAGTTTTTAAGATCGTCATCTTTCATTGTTGCTTGCATTCCATGTATTTGAAATGGTAGTGAATGATCAATTAGACTTAACATGTGAATATTTTTATTTAAAATTCAGGGGATATAACAAATCAATTTCCTATATGTTTTATGCCTGTTTTGTTGAATTTTCAGTTGAATCTGAAAGTTTCTTGCAGTCCTTAACTTATTTTTCATGTGTACGTGCTTGAATCACCTTAGGTATTTTTGGCTTGGTTGGTACTCGCGTTGGGCAGCCTACTATTCTTTGGACTTGTTCCTTGGCTGATTTTGGCTATGTAAACATTTGAAATGGAGTTCTTATCAAATGAATAATGTTGACTATATGCTGTGGTCTATAATTTGTCAAACCAAACTTATTTTCCACTTATGATGTGCACCACTACACATGGTCTTTTTTTCATGCTAATAATTTTCTAGGACAACAATTTTTCTAGTTTATAAAGAATGATTTCACATTTGTCTGATAACTTGCCGTTTTTTTTTGGTTCTTTTACTGATTGTTCATTAATCACACTCTTCATATCCAG,,3utr,gw1.XIII.413.1,13,PT,-
11,152141,152288,2983,148,GTGAATGAATTTTATTATTATTATCATTATCGTCATCATCATCATCATCATTATTATTTGGTTTAATTTTTGAAACTTTATGTTTATTCTACTGCCTTTCAATGGCTTCGTGTCAATATTTGAAGTGGTTGCATCTGACATGTTTCAG,,3utr,gw1.XIII.413.1,13,PT,-
12,151972,152083,3188,112,GTGTGCCTCTATCATTAGTACAAACATCTTTATGCAGGCATTTCATAATGCTATGTTTTGCAATATGGAAACATGCAGTATTAATTTGTATTGATTTCTTAAATTGTAACAG,,3utr,gw1.XIII.413.1,13,PT,-
